dataset,measure,paradigm,ari,nmi,runtime,seed,perturbation_type,perturbation_level,n_samples,series_length,k
SyntheticControl,sbd,sliding,0.07309010266462253,0.3110765209667439,0.18932610000047134,1,none,0,600,60,6
SyntheticControl,idk,distributional,0.3327340315392681,0.43832741795453845,4.76344810000046,1,none,0,600,60,6
SyntheticControl,sbd,sliding,0.08314593564776841,0.30003953897767666,0.14466820000052394,2,none,0,600,60,6
SyntheticControl,idk,distributional,0.26457631580910984,0.33550400254796653,4.534604899999977,2,none,0,600,60,6
SyntheticControl,sbd,sliding,0.021391405020817593,0.17234717555939072,0.15174300000035146,3,none,0,600,60,6
SyntheticControl,idk,distributional,0.2776944925989391,0.34344853620651233,4.592583700000432,3,none,0,600,60,6
SyntheticControl,sbd,sliding,0.051881818509458645,0.2744876410528679,0.14554390000012063,4,none,0,600,60,6
SyntheticControl,idk,distributional,0.15360643575818222,0.2775349962688684,4.5486606999993455,4,none,0,600,60,6
SyntheticControl,sbd,sliding,0.05618368512307777,0.2897463160359134,0.15003499999966152,5,none,0,600,60,6
SyntheticControl,idk,distributional,0.3380375118936668,0.4702447320377106,4.5529114000000845,5,none,0,600,60,6
CBF,sbd,sliding,0.00822970471908588,0.08909045570268545,1.1179591999998593,1,none,0,930,128,3
CBF,idk,distributional,0.24153703895885675,0.26452180427526095,13.510968200000207,1,none,0,930,128,3
CBF,sbd,sliding,0.00858547991517225,0.11735152736050168,0.21040799999991577,2,none,0,930,128,3
CBF,idk,distributional,0.18750475457287294,0.22960781126490168,13.413286400000288,2,none,0,930,128,3
CBF,sbd,sliding,0.0036509138256253073,0.0826931147069452,0.23160340000049473,3,none,0,930,128,3
CBF,idk,distributional,0.20144146189480405,0.25889152092918305,14.86271570000008,3,none,0,930,128,3
CBF,sbd,sliding,0.004761310009286777,0.09205213414496252,0.20625830000062706,4,none,0,930,128,3
CBF,idk,distributional,0.22636932017197078,0.2666588933420625,13.39947740000025,4,none,0,930,128,3
CBF,sbd,sliding,0.0040900731821529234,0.08589833098050992,0.20894210000005842,5,none,0,930,128,3
CBF,idk,distributional,0.21415783573392025,0.24426980536547918,15.143423100000291,5,none,0,930,128,3
ItalyPowerDemand,sbd,sliding,0.001993775623761108,0.03194310073154737,0.2807647999998153,1,none,0,1096,24,2
ItalyPowerDemand,idk,distributional,0.15174270919123417,0.11742878884946968,8.202687699999842,1,none,0,1096,24,2
ItalyPowerDemand,sbd,sliding,0.001968710560580784,0.021258951263441205,0.21455559999958496,2,none,0,1096,24,2
ItalyPowerDemand,idk,distributional,0.19106759670973977,0.14342035195659583,8.06608099999994,2,none,0,1096,24,2
ItalyPowerDemand,sbd,sliding,0.002000102175748558,0.03873465224763505,0.25356250000004366,3,none,0,1096,24,2
ItalyPowerDemand,idk,distributional,0.08656337120975036,0.06475007570825109,8.062810099999297,3,none,0,1096,24,2
ItalyPowerDemand,sbd,sliding,0.0019440313725843609,0.019050253488177248,0.21258380000017496,4,none,0,1096,24,2
ItalyPowerDemand,idk,distributional,0.2438650218057547,0.1844417969626998,8.006153299999824,4,none,0,1096,24,2
ItalyPowerDemand,sbd,sliding,0.0015400793171913495,0.03427835934679266,0.22515479999947274,5,none,0,1096,24,2
ItalyPowerDemand,idk,distributional,0.04098015933909468,0.035217498085317274,7.939999100000023,5,none,0,1096,24,2
MoteStrain,sbd,sliding,0.008460671814172958,0.034580475053720146,0.3191593000001376,1,none,0,1272,84,2
MoteStrain,idk,distributional,0.35647167884284253,0.2740718697988967,14.232220700000653,1,none,0,1272,84,2
MoteStrain,sbd,sliding,0.013000498313157197,0.05598846646670577,0.2823945999998614,2,none,0,1272,84,2
MoteStrain,idk,distributional,0.48696026660746855,0.3907669047723461,14.876765299999533,2,none,0,1272,84,2
MoteStrain,sbd,sliding,0.0003523445613075001,0.0001347746053368856,0.3089626999999382,3,none,0,1272,84,2
MoteStrain,idk,distributional,0.03421225051345509,0.027964050852730824,15.31799780000074,3,none,0,1272,84,2
MoteStrain,sbd,sliding,0.0036025889111400344,0.010021423870062805,0.27690530000018043,4,none,0,1272,84,2
MoteStrain,idk,distributional,0.3075177433743141,0.23896727095728137,15.176841999999851,4,none,0,1272,84,2
MoteStrain,sbd,sliding,-0.00308680786458128,0.013802254361835182,0.31109960000048886,5,none,0,1272,84,2
MoteStrain,idk,distributional,0.37359850044440523,0.2887614544298922,15.547498400000222,5,none,0,1272,84,2
ECG200,sbd,sliding,0.2614469266654827,0.17211012647388602,0.09531130000050325,1,none,0,200,96,2
ECG200,idk,distributional,0.12682634916355512,0.07407668131367447,1.8511500999993586,1,none,0,200,96,2
ECG200,sbd,sliding,-0.06061978361493179,0.10550368512974836,0.09622480000052747,2,none,0,200,96,2
ECG200,idk,distributional,-0.0041067641779645525,0.00023520578440528917,1.6452816999999413,2,none,0,200,96,2
ECG200,sbd,sliding,-0.05483772182757381,0.061942884819207046,0.09670910000022559,3,none,0,200,96,2
ECG200,idk,distributional,-0.0036360921856526747,0.0011310410308192,1.650555500000337,3,none,0,200,96,2
ECG200,sbd,sliding,-0.03156005628971022,0.010900414883860484,0.060662100000627106,4,none,0,200,96,2
ECG200,idk,distributional,0.03160182453924221,0.026557183009668577,1.7919841999992059,4,none,0,200,96,2
ECG200,sbd,sliding,0.07710360395397961,0.03534741416099455,0.05267019999973854,5,none,0,200,96,2
ECG200,idk,distributional,-0.0019867860555482365,0.0021096006288850856,1.483547599999838,5,none,0,200,96,2
ECGFiveDays,sbd,sliding,0.003075051127508021,0.04870453749949011,0.268401499999527,1,none,0,884,136,2
ECGFiveDays,idk,distributional,-0.00039502947666916494,0.0005322942491066886,11.464831100000083,1,none,0,884,136,2
ECGFiveDays,sbd,sliding,0.0035978445283792824,0.052187835562030174,0.20545820000006643,2,none,0,884,136,2
ECGFiveDays,idk,distributional,0.0028849191060334985,0.0029006912507221674,11.24229639999976,2,none,0,884,136,2
ECGFiveDays,sbd,sliding,0.007586629398285166,0.06323556403123604,0.20676459999958752,3,none,0,884,136,2
ECGFiveDays,idk,distributional,-0.0011253972230869948,0.0,11.971244899999874,3,none,0,884,136,2
ECGFiveDays,sbd,sliding,0.0038746204222384513,0.053913992662748614,0.2009250000000975,4,none,0,884,136,2
ECGFiveDays,idk,distributional,0.006662173365876675,0.005634730002613715,11.991989699999976,4,none,0,884,136,2
ECGFiveDays,sbd,sliding,0.0021427750371044744,0.03359921968808243,0.21392680000008113,5,none,0,884,136,2
ECGFiveDays,idk,distributional,0.0013659449448720517,0.0018306172211552882,12.895986200000152,5,none,0,884,136,2
GunPoint,sbd,sliding,0.005481768333819538,0.01392001420263122,0.10760349999964092,1,none,0,200,150,2
GunPoint,idk,distributional,0.01787314610287157,0.017807023710876748,2.8724222000000736,1,none,0,200,150,2
GunPoint,sbd,sliding,0.0602942887551635,0.14923454001587347,0.060141099999782455,2,none,0,200,150,2
GunPoint,idk,distributional,-0.003434315682297517,0.00115698443352932,1.8166848000000755,2,none,0,200,150,2
GunPoint,sbd,sliding,-0.0009652879238248778,0.002818693038866029,0.10232730000006995,3,none,0,200,150,2
GunPoint,idk,distributional,0.039295997220270815,0.032270469982633006,1.773730400000204,3,none,0,200,150,2
GunPoint,sbd,sliding,0.03726952220266928,0.06516315315316167,0.06067259999963426,4,none,0,200,150,2
GunPoint,idk,distributional,-0.004945432066217881,7.222438861871967e-05,1.7955090999994354,4,none,0,200,150,2
GunPoint,sbd,sliding,0.017514563576153604,0.04632870840562752,0.05702149999979156,5,none,0,200,150,2
GunPoint,idk,distributional,0.14041914716597065,0.12090862116790933,1.8194420999998329,5,none,0,200,150,2
Plane,sbd,sliding,0.5796563260873373,0.7695096949512349,0.10019330000068294,1,none,0,210,144,7
Plane,idk,distributional,0.7851355680070572,0.8750190933558882,2.961689299999307,1,none,0,210,144,7
Plane,sbd,sliding,0.485754749924764,0.7377082864897846,0.06176739999955316,2,none,0,210,144,7
Plane,idk,distributional,0.758710856835733,0.8268839255771511,1.8702871999994386,2,none,0,210,144,7
Plane,sbd,sliding,0.3497543046722144,0.6398963216387701,0.10616889999982959,3,none,0,210,144,7
Plane,idk,distributional,0.5099882926768995,0.7072488627277503,1.8555147999995825,3,none,0,210,144,7
Plane,sbd,sliding,0.4589545612266365,0.7146254402148237,0.06017859999974462,4,none,0,210,144,7
Plane,idk,distributional,0.7822217939109627,0.8620791271718475,1.8662352000001192,4,none,0,210,144,7
Plane,sbd,sliding,0.7661662977951049,0.8580190010825528,0.059555599999839615,5,none,0,210,144,7
Plane,idk,distributional,0.9449375772023465,0.9497015428742226,1.8623891000006552,5,none,0,210,144,7
TwoPatterns,sbd,sliding,-4.86141546780044e-05,0.01484102572443049,1.1731936999995014,1,none,0,5000,128,4
TwoPatterns,idk,distributional,0.06478008110421332,0.07920921160939955,31.974053199999616,1,none,0,5000,128,4
TwoPatterns,sbd,sliding,8.909836979727454e-05,0.023597853513487595,1.124704799999563,2,none,0,5000,128,4
TwoPatterns,idk,distributional,0.030102010789690384,0.030432931321008636,31.729579400000148,2,none,0,5000,128,4
TwoPatterns,sbd,sliding,0.00016637892060039232,0.014650133086727383,1.1901892000005319,3,none,0,5000,128,4
TwoPatterns,idk,distributional,0.0707329819097393,0.08683609930063918,32.63570600000003,3,none,0,5000,128,4
TwoPatterns,sbd,sliding,0.0007171179698617321,0.020794145565938945,1.189459799999895,4,none,0,5000,128,4
TwoPatterns,idk,distributional,0.058033979484847974,0.06816064334219947,31.620005099999617,4,none,0,5000,128,4
TwoPatterns,sbd,sliding,-0.00017258766763418473,0.010816721736140348,1.1751419000001988,5,none,0,5000,128,4
TwoPatterns,idk,distributional,0.02640652410167486,0.035585053824690745,41.92276630000015,5,none,0,5000,128,4
Trace,sbd,sliding,0.055391103488759266,0.21768408771195188,0.1306611999998495,1,none,0,200,275,4
Trace,idk,distributional,0.15082961682630633,0.19081567665478721,1.4492078000002948,1,none,0,200,275,4
Trace,sbd,sliding,0.04617177897894723,0.21048577371662228,0.08246489999964979,2,none,0,200,275,4
Trace,idk,distributional,0.1662718713429904,0.20762125084535063,1.4681415000004563,2,none,0,200,275,4
Trace,sbd,sliding,0.0762203416928691,0.2407597096782222,0.07909879999988334,3,none,0,200,275,4
Trace,idk,distributional,0.0960902690815593,0.15147535899433134,1.3046148000003086,3,none,0,200,275,4
Trace,sbd,sliding,0.02044567501439935,0.16212006036317567,0.0790858999998818,4,none,0,200,275,4
Trace,idk,distributional,0.16193544481381753,0.21804262121635062,1.4841925999999148,4,none,0,200,275,4
Trace,sbd,sliding,0.0969190867670869,0.25571916394418054,0.0785583000006227,5,none,0,200,275,4
Trace,idk,distributional,0.14156515478666068,0.19631393572698794,1.2979905000001963,5,none,0,200,275,4
ArrowHead,sbd,sliding,0.11195938568056527,0.23396888686427736,0.14098340000055032,1,none,0,211,251,3
ArrowHead,idk,distributional,0.1730751572376849,0.18322497766908294,2.9723225000007005,1,none,0,211,251,3
ArrowHead,sbd,sliding,0.1666056664473938,0.25686673487344847,0.13320260000000417,2,none,0,211,251,3
ArrowHead,idk,distributional,0.16563767511101654,0.18477759162572116,1.8726034000001164,2,none,0,211,251,3
ArrowHead,sbd,sliding,0.02525761778310228,0.09219127274387236,0.1425961000004463,3,none,0,211,251,3
ArrowHead,idk,distributional,0.08847533473090369,0.1175366262728873,1.866007399999944,3,none,0,211,251,3
ArrowHead,sbd,sliding,0.09415168545826827,0.15569856871266666,0.09635630000047968,4,none,0,211,251,3
ArrowHead,idk,distributional,0.18045366578205413,0.15998789378932043,1.8935811999999714,4,none,0,211,251,3
ArrowHead,sbd,sliding,0.11230876387354603,0.1695803153800333,0.09856559999934689,5,none,0,211,251,3
ArrowHead,idk,distributional,0.16284308355828314,0.13226074507182728,2.7660758000001806,5,none,0,211,251,3
Coffee,sbd,sliding,0.008575380359612726,0.0197508918737442,0.07586050000008981,1,none,0,56,286,2
Coffee,idk,distributional,0.5012440223671004,0.42912186293947246,0.350503600000593,1,none,0,56,286,2
Coffee,sbd,sliding,0.7935155483146294,0.7484581820782018,0.028306899999734014,2,none,0,56,286,2
Coffee,idk,distributional,0.7934430876065852,0.7026444549760147,0.15345609999985754,2,none,0,56,286,2
Coffee,sbd,sliding,0.7297931101966997,0.6284966101428285,0.02941759999976057,3,none,0,56,286,2
Coffee,idk,distributional,0.6103468924742972,0.5405652415811882,0.15817640000022948,3,none,0,56,286,2
Coffee,sbd,sliding,0.7299352660768275,0.6934247667673387,0.0474819999999454,4,none,0,56,286,2
Coffee,idk,distributional,0.554447762201191,0.4702871686289219,0.14552269999967393,4,none,0,56,286,2
Coffee,sbd,sliding,0.5014189527572199,0.45930706108192376,0.02723450000030425,5,none,0,56,286,2
Coffee,idk,distributional,0.6687585404119641,0.5877484823949661,0.19113389999984065,5,none,0,56,286,2
DiatomSizeReduction,sbd,sliding,0.053384462548855656,0.27624034259426716,0.19515930000034132,1,none,0,322,345,4
DiatomSizeReduction,idk,distributional,0.5567910131627571,0.5959511239063956,3.5713846000007834,1,none,0,322,345,4
DiatomSizeReduction,sbd,sliding,0.030390316898478858,0.22928998212713184,0.16218250000019907,2,none,0,322,345,4
DiatomSizeReduction,idk,distributional,0.570076482072257,0.607010576318854,2.630283700000291,2,none,0,322,345,4
DiatomSizeReduction,sbd,sliding,0.06513760713724447,0.2539427491891444,0.15996850000010454,3,none,0,322,345,4
DiatomSizeReduction,idk,distributional,0.7280825101566061,0.7378517692221369,2.744076699999823,3,none,0,322,345,4
DiatomSizeReduction,sbd,sliding,0.03428783620368776,0.23517486503904375,0.19436060000043653,4,none,0,322,345,4
DiatomSizeReduction,idk,distributional,0.5462359326298297,0.5834855444960895,2.7584541999995054,4,none,0,322,345,4
DiatomSizeReduction,sbd,sliding,0.10401378681679377,0.3249641599583613,0.15568919999986974,5,none,0,322,345,4
DiatomSizeReduction,idk,distributional,0.741808950045701,0.7541142573161745,2.7471404999996594,5,none,0,322,345,4
FaceFour,sbd,sliding,0.3733175709726305,0.46665738328074985,0.16276440000001458,1,none,0,112,350,4
FaceFour,idk,distributional,0.3839899423997126,0.42799245098087474,1.2628706000004968,1,none,0,112,350,4
FaceFour,sbd,sliding,0.2930644859126398,0.3314209364968514,0.05553239999971993,2,none,0,112,350,4
FaceFour,idk,distributional,0.3416763464979038,0.3861047519703931,0.36309979999987263,2,none,0,112,350,4
FaceFour,sbd,sliding,0.410674322641723,0.4626229901360865,0.05834549999963201,3,none,0,112,350,4
FaceFour,idk,distributional,0.35201816597145097,0.379764072253152,0.4512736999995468,3,none,0,112,350,4
FaceFour,sbd,sliding,0.2978657700635742,0.41268025340858716,0.05717350000031729,4,none,0,112,350,4
FaceFour,idk,distributional,0.38083579531008993,0.44353267539260743,0.37850479999997333,4,none,0,112,350,4
FaceFour,sbd,sliding,0.276017684391836,0.4333635535200726,0.055599700000129815,5,none,0,112,350,4
FaceFour,idk,distributional,0.34746053630281193,0.38459771306224727,0.3569367999998576,5,none,0,112,350,4
Symbols,sbd,sliding,0.017949970354748726,0.17448228457583242,1.30850670000018,1,none,0,1020,398,6
Symbols,idk,distributional,0.6785460604747501,0.7536844084218847,12.281098200000088,1,none,0,1020,398,6
Symbols,sbd,sliding,0.014482996389763752,0.20415385198008973,0.4783999999999651,2,none,0,1020,398,6
Symbols,idk,distributional,0.3787328725862316,0.5178969078099657,11.949890500000038,2,none,0,1020,398,6
Symbols,sbd,sliding,0.031053008443886386,0.23925445811940357,0.46228080000037153,3,none,0,1020,398,6
Symbols,idk,distributional,0.6405732586450611,0.7401989584445468,12.043210599999838,3,none,0,1020,398,6
Symbols,sbd,sliding,0.02145829303294804,0.21606553957197985,0.47007850000045437,4,none,0,1020,398,6
Symbols,idk,distributional,0.6782774478693916,0.7408567416357249,11.997478700000102,4,none,0,1020,398,6
Symbols,sbd,sliding,0.02324521092192114,0.23238766537323322,0.43538790000002336,5,none,0,1020,398,6
Symbols,idk,distributional,0.3645090234072901,0.5169009998561376,13.71666120000009,5,none,0,1020,398,6
OSULeaf,sbd,sliding,0.03955996526956432,0.13352287639261248,1.0076003000003766,1,none,0,442,427,6
OSULeaf,idk,distributional,0.08894774509786954,0.16416987071174866,5.267262100000153,1,none,0,442,427,6
OSULeaf,sbd,sliding,0.03173307969325793,0.13804935442982577,0.2599228999997649,2,none,0,442,427,6
OSULeaf,idk,distributional,0.1268515150803288,0.17197074900903125,5.202611500000785,2,none,0,442,427,6
OSULeaf,sbd,sliding,0.03796422720721647,0.1664056660352852,0.262495900000431,3,none,0,442,427,6
OSULeaf,idk,distributional,0.09531961580397397,0.14347250952173135,5.514957499999582,3,none,0,442,427,6
OSULeaf,sbd,sliding,0.007779935174893994,0.09137316731890574,0.2738610000005792,4,none,0,442,427,6
OSULeaf,idk,distributional,0.12173540085071875,0.16764511783936142,5.457323799999358,4,none,0,442,427,6
OSULeaf,sbd,sliding,-0.004589468969135368,0.12219696716166857,0.29032769999957964,5,none,0,442,427,6
OSULeaf,idk,distributional,0.07096267991439752,0.10456817754237582,5.545535999999629,5,none,0,442,427,6
Beef,sbd,sliding,0.10910535876475931,0.2833997573048363,0.7491471000003003,1,none,0,60,470,5
Beef,idk,distributional,0.1310856864654333,0.2963112167366584,0.33193260000007285,1,none,0,60,470,5
Beef,sbd,sliding,0.10551412153074947,0.23733369289721234,0.04659719999926892,2,none,0,60,470,5
Beef,idk,distributional,0.05707354056103108,0.19780421166606726,0.1290886999995564,2,none,0,60,470,5
Beef,sbd,sliding,0.10626973915077786,0.2539298370680308,0.0452752999999575,3,none,0,60,470,5
Beef,idk,distributional,0.08077399625655761,0.28635300142631703,0.16542200000003504,3,none,0,60,470,5
Beef,sbd,sliding,0.09678665913617313,0.22283838490607763,0.0451506999997946,4,none,0,60,470,5
Beef,idk,distributional,0.051366219871736424,0.1804330203632247,0.13999649999914254,4,none,0,60,470,5
Beef,sbd,sliding,0.12334346853307326,0.2838371031847012,0.0835335000001578,5,none,0,60,470,5
Beef,idk,distributional,0.08810850594048995,0.2972165692954723,0.11158249999971304,5,none,0,60,470,5
Mallat,sbd,sliding,0.010904345021921199,0.1896813674792084,5.034030499999972,1,none,0,2400,1024,8
Mallat,idk,distributional,0.5779805814520679,0.6967185626874063,30.78193469999951,1,none,0,2400,1024,8
Mallat,sbd,sliding,0.0035708559414510737,0.13270020742152772,5.955135199999859,2,none,0,2400,1024,8
Mallat,idk,distributional,0.6249027458814799,0.7217827953136355,28.899347399999897,2,none,0,2400,1024,8
Mallat,sbd,sliding,0.0037775058301420953,0.13088750924719902,4.969471799999155,3,none,0,2400,1024,8
Mallat,idk,distributional,0.6869188027785076,0.7572092446080166,29.322340300000178,3,none,0,2400,1024,8
Mallat,sbd,sliding,0.004310157892623389,0.13365308775288529,4.957339699999466,4,none,0,2400,1024,8
Mallat,idk,distributional,0.7665242768805396,0.8070622091458108,28.887401699999828,4,none,0,2400,1024,8
Mallat,sbd,sliding,0.0030654064366032337,0.12442942547839347,4.081994099999974,5,none,0,2400,1024,8
Mallat,idk,distributional,0.5332298286151343,0.6427243699511316,29.603928300000007,5,none,0,2400,1024,8
